[
{
  "model": "abstracts.conferenceseries",
  "pk": 1,
  "fields": {
    "title": "Test Series",
    "abbreviation": "TSC",
    "notes": "Lorem ipsum dolor sit amet, consectetur adipisicing elit, sed do eiusmod tempor incididunt ut labore et dolore magna aliqua. Ut enim ad minim veniam, quis nostrud exercitation ullamco laboris nisi ut aliquip ex ea commodo consequat. Duis aute irure dolor in reprehenderit in voluptate velit esse cillum dolore eu fugiat nulla pariatur. Excepteur sint occaecat cupidatat"
  }
},
{
  "model": "abstracts.conferenceseries",
  "pk": 2,
  "fields": {
    "title": "College Art Association Annual Conference",
    "abbreviation": "CAA",
    "notes": ""
  }
},
{
  "model": "abstracts.conference",
  "pk": 1,
  "fields": {
    "year": 2000,
    "venue": "New York",
    "venue_abbreviation": "NYC",
    "notes": "Lorem ipsum dolor sit amet, consectetur adipisicing elit, sed do eiusmod tempor incididunt ut labore et dolore magna aliqua. Ut enim ad minim veniam, quis nostrud exercitation ullamco laboris nisi ut aliquip ex ea commodo consequat. Duis aute irure dolor in reprehenderit in voluptate velit esse cillum dolore eu fugiat nulla pariatur. Excepteur sint occaecat cupidatat non proident, sunt in culpa qui officia deserunt mollit anim id est laborum. Donec elementum ligula eu sapien consequat eleifend. Donec nec dolor erat, condimentum sagittis sem. Praesent porttitor porttitor risus, dapibus rutrum ipsum gravida et. Integer lectus nisi,",
    "url": "https://example.com"
  }
},
{
  "model": "abstracts.conference",
  "pk": 2,
  "fields": {
    "year": 2003,
    "venue": "University of Toronto",
    "venue_abbreviation": "Toronto",
    "notes": "\u2022 Lorem ipsum dolor\r\n\u2022 Sit amet, consectetur\r\n\u2022 Adipisicing elit, sed\r\n\u2022 Do eiusmod tempor\r\n\u2022 Incididunt ut labore\r\n\u2022 Et dolore magna\r\n\u2022 Aliqua. Ut enim\r\n\u2022 Ad minim veniam,\r\n\u2022 Quis nostrud exercitation\r\n\u2022 Ullamco laboris nisi\r\n\u2022 Ut aliquip ex\r\n\u2022 Ea commodo consequat.",
    "url": ""
  }
},
{
  "model": "abstracts.conference",
  "pk": 3,
  "fields": {
    "year": 2019,
    "venue": "Los Angeles",
    "venue_abbreviation": "LA",
    "notes": "",
    "url": ""
  }
},
{
  "model": "abstracts.conference",
  "pk": 4,
  "fields": {
    "year": 1968,
    "venue": "Computers and Their Potential Applications in Museums: A Conference (Metropolitan Museum of Art)",
    "venue_abbreviation": "IBM & The Met",
    "notes": "Computers and Their Potential Applications in Museums: A Conference",
    "url": ""
  }
},
{
  "model": "abstracts.organizer",
  "pk": 1,
  "fields": {
    "name": "Tesco Conferences",
    "abbreviation": "TeCo",
    "notes": "Lorem Ipsum Dolor Sit Amet\r\n\r\nLorem ipsum dolor sit amet, consectetur adipisicing elit, sed do eiusmod tempor incididunt ut labore et dolore magna aliqua. Ut enim ad minim veniam, quis nostrud exercitation ullamco laboris nisi ut aliquip ex ea commodo consequat. \r\n\r\nDuis aute irure dolor in reprehenderit in voluptate velit esse cillum dolore eu fugiat nulla pariatur. Excepteur sint occaecat cupidatat non proident, sunt in culpa qui officia deserunt mollit anim id est laborum. Donec elementum ligula eu sapien consequat eleifend. \r\n\r\nDonec nec dolor erat, condimentum sagittis sem. Praesent porttitor porttitor risus, dapibus rutrum ipsum gravida et. Integer lectus nisi, facilisis sit amet eleifend nec, pharetra ut augue. Integer quam nunc, consequat nec egestas ac, volutpat ac nisi. \r\n\r\nSed consectetur dignissim dignissim. Donec pretium est sit amet ipsum fringilla feugiat. Aliquam erat volutpat. Maecenas scelerisque, orci sit amet cursus tincidunt, libero nisl eleifend tortor, vitae cursus risus mauris vitae nisi. Cras laoreet ultrices ligula eget tempus. \r\n\r\nAenean metus purus, iaculis ut imperdiet eget, sodales et massa. Duis pellentesque nisl vel massa dapibus non lacinia velit volutpat. Maecenas accumsan interdum sodales. In hac habitasse platea dictumst. Pellentesque ornare blandit orci, eget tristique risus convallis ut. Vivamus a sapien neque. \r\n\r\nLorem Ipsum Dolor Sit Amet Consectetu",
    "url": "https://tesco.com",
    "conferences_organized": [
      2,
      1
    ]
  }
},
{
  "model": "abstracts.organizer",
  "pk": 2,
  "fields": {
    "name": "College Art Association",
    "abbreviation": "CAA",
    "notes": "",
    "url": "",
    "conferences_organized": [
      3
    ]
  }
},
{
  "model": "abstracts.seriesmembership",
  "pk": 1,
  "fields": {
    "series": 1,
    "conference": 1,
    "number": null
  }
},
{
  "model": "abstracts.seriesmembership",
  "pk": 2,
  "fields": {
    "series": 1,
    "conference": 2,
    "number": null
  }
},
{
  "model": "abstracts.seriesmembership",
  "pk": 3,
  "fields": {
    "series": 2,
    "conference": 3,
    "number": null
  }
},
{
  "model": "abstracts.keyword",
  "pk": 1,
  "fields": {
    "title": "boof",
    "author_supplied": true
  }
},
{
  "model": "abstracts.keyword",
  "pk": 2,
  "fields": {
    "title": "bog",
    "author_supplied": true
  }
},
{
  "model": "abstracts.keyword",
  "pk": 3,
  "fields": {
    "title": "Latin",
    "author_supplied": true
  }
},
{
  "model": "abstracts.keyword",
  "pk": 4,
  "fields": {
    "title": "unaccepted",
    "author_supplied": true
  }
},
{
  "model": "abstracts.keyword",
  "pk": 5,
  "fields": {
    "title": "Unused keyword",
    "author_supplied": true
  }
},
{
  "model": "abstracts.language",
  "pk": 1,
  "fields": {
    "title": "Dutch"
  }
},
{
  "model": "abstracts.language",
  "pk": 2,
  "fields": {
    "title": "German"
  }
},
{
  "model": "abstracts.discipline",
  "pk": 1,
  "fields": {
    "title": "Art History"
  }
},
{
  "model": "abstracts.discipline",
  "pk": 2,
  "fields": {
    "title": "History"
  }
},
{
  "model": "abstracts.topic",
  "pk": 1,
  "fields": {
    "title": "Webcomics"
  }
},
{
  "model": "abstracts.topic",
  "pk": 2,
  "fields": {
    "title": "Arms"
  }
},
{
  "model": "abstracts.topic",
  "pk": 3,
  "fields": {
    "title": "Singing"
  }
},
{
  "model": "abstracts.topic",
  "pk": 4,
  "fields": {
    "title": "Troy"
  }
},
{
  "model": "abstracts.worktype",
  "pk": 1,
  "fields": {
    "title": "Type 1"
  }
},
{
  "model": "abstracts.worktype",
  "pk": 2,
  "fields": {
    "title": "Type 2"
  }
},
{
  "model": "abstracts.license",
  "pk": 1,
  "fields": {
    "title": "Attribution-NonCommercial 4.0 International",
    "full_text": "By exercising the Licensed Rights (defined below), You accept and agree to be bound by the terms and conditions of this Creative Commons Attribution-NonCommercial 4.0 International Public License (\"Public License\"). To the extent this Public License may be interpreted as a contract, You are granted the Licensed Rights in consideration of Your acceptance of these terms and conditions, and the Licensor grants You such rights in consideration of benefits the Licensor receives from making the Licensed Material available under these terms and conditions.\r\n\r\nSection 1 \u2013 Definitions.\r\n\r\n    Adapted Material means material subject to Copyright and Similar Rights that is derived from or based upon the Licensed Material and in which the Licensed Material is translated, altered, arranged, transformed, or otherwise modified in a manner requiring permission under the Copyright and Similar Rights held by the Licensor. For purposes of this Public License, where the Licensed Material is a musical work, performance, or sound recording, Adapted Material is always produced where the Licensed Material is synched in timed relation with a moving image.\r\n    Adapter's License means the license You apply to Your Copyright and Similar Rights in Your contributions to Adapted Material in accordance with the terms and conditions of this Public License.\r\n    Copyright and Similar Rights means copyright and/or similar rights closely related to copyright including, without limitation, performance, broadcast, sound recording, and Sui Generis Database Rights, without regard to how the rights are labeled or categorized. For purposes of this Public License, the rights specified in Section 2(b)(1)-(2) are not Copyright and Similar Rights.\r\n    Effective Technological Measures means those measures that, in the absence of proper authority, may not be circumvented under laws fulfilling obligations under Article 11 of the WIPO Copyright Treaty adopted on December 20, 1996, and/or similar international agreements.\r\n    Exceptions and Limitations means fair use, fair dealing, and/or any other exception or limitation to Copyright and Similar Rights that applies to Your use of the Licensed Material.\r\n    Licensed Material means the artistic or literary work, database, or other material to which the Licensor applied this Public License.\r\n    Licensed Rights means the rights granted to You subject to the terms and conditions of this Public License, which are limited to all Copyright and Similar Rights that apply to Your use of the Licensed Material and that the Licensor has authority to license.\r\n    Licensor means the individual(s) or entity(ies) granting rights under this Public License.\r\n    NonCommercial means not primarily intended for or directed towards commercial advantage or monetary compensation. For purposes of this Public License, the exchange of the Licensed Material for other material subject to Copyright and Similar Rights by digital file-sharing or similar means is NonCommercial provided there is no payment of monetary compensation in connection with the exchange.\r\n    Share means to provide material to the public by any means or process that requires permission under the Licensed Rights, such as reproduction, public display, public performance, distribution, dissemination, communication, or importation, and to make material available to the public including in ways that members of the public may access the material from a place and at a time individually chosen by them.\r\n    Sui Generis Database Rights means rights other than copyright resulting from Directive 96/9/EC of the European Parliament and of the Council of 11 March 1996 on the legal protection of databases, as amended and/or succeeded, as well as other essentially equivalent rights anywhere in the world.\r\n    You means the individual or entity exercising the Licensed Rights under this Public License. Your has a corresponding meaning.\r\n\r\nSection 2 \u2013 Scope.\r\n\r\n    License grant.\r\n        Subject to the terms and conditions of this Public License, the Licensor hereby grants You a worldwide, royalty-free, non-sublicensable, non-exclusive, irrevocable license to exercise the Licensed Rights in the Licensed Material to:\r\n            reproduce and Share the Licensed Material, in whole or in part, for NonCommercial purposes only; and\r\n            produce, reproduce, and Share Adapted Material for NonCommercial purposes only.\r\n        Exceptions and Limitations. For the avoidance of doubt, where Exceptions and Limitations apply to Your use, this Public License does not apply, and You do not need to comply with its terms and conditions.\r\n        Term. The term of this Public License is specified in Section 6(a).\r\n        Media and formats; technical modifications allowed. The Licensor authorizes You to exercise the Licensed Rights in all media and formats whether now known or hereafter created, and to make technical modifications necessary to do so. The Licensor waives and/or agrees not to assert any right or authority to forbid You from making technical modifications necessary to exercise the Licensed Rights, including technical modifications necessary to circumvent Effective Technological Measures. For purposes of this Public License, simply making modifications authorized by this Section 2(a)(4) never produces Adapted Material.\r\n        Downstream recipients.\r\n            Offer from the Licensor \u2013 Licensed Material. Every recipient of the Licensed Material automatically receives an offer from the Licensor to exercise the Licensed Rights under the terms and conditions of this Public License.\r\n            No downstream restrictions. You may not offer or impose any additional or different terms or conditions on, or apply any Effective Technological Measures to, the Licensed Material if doing so restricts exercise of the Licensed Rights by any recipient of the Licensed Material.\r\n        No endorsement. Nothing in this Public License constitutes or may be construed as permission to assert or imply that You are, or that Your use of the Licensed Material is, connected with, or sponsored, endorsed, or granted official status by, the Licensor or others designated to receive attribution as provided in Section 3(a)(1)(A)(i).\r\n\r\n    Other rights.\r\n        Moral rights, such as the right of integrity, are not licensed under this Public License, nor are publicity, privacy, and/or other similar personality rights; however, to the extent possible, the Licensor waives and/or agrees not to assert any such rights held by the Licensor to the limited extent necessary to allow You to exercise the Licensed Rights, but not otherwise.\r\n        Patent and trademark rights are not licensed under this Public License.\r\n        To the extent possible, the Licensor waives any right to collect royalties from You for the exercise of the Licensed Rights, whether directly or through a collecting society under any voluntary or waivable statutory or compulsory licensing scheme. In all other cases the Licensor expressly reserves any right to collect such royalties, including when the Licensed Material is used other than for NonCommercial purposes.\r\n\r\nSection 3 \u2013 License Conditions.\r\n\r\nYour exercise of the Licensed Rights is expressly made subject to the following conditions.\r\n\r\n    Attribution.\r\n\r\n        If You Share the Licensed Material (including in modified form), You must:\r\n            retain the following if it is supplied by the Licensor with the Licensed Material:\r\n                identification of the creator(s) of the Licensed Material and any others designated to receive attribution, in any reasonable manner requested by the Licensor (including by pseudonym if designated);\r\n                a copyright notice;\r\n                a notice that refers to this Public License;\r\n                a notice that refers to the disclaimer of warranties;\r\n                a URI or hyperlink to the Licensed Material to the extent reasonably practicable;\r\n            indicate if You modified the Licensed Material and retain an indication of any previous modifications; and\r\n            indicate the Licensed Material is licensed under this Public License, and include the text of, or the URI or hyperlink to, this Public License.\r\n        You may satisfy the conditions in Section 3(a)(1) in any reasonable manner based on the medium, means, and context in which You Share the Licensed Material. For example, it may be reasonable to satisfy the conditions by providing a URI or hyperlink to a resource that includes the required information.\r\n        If requested by the Licensor, You must remove any of the information required by Section 3(a)(1)(A) to the extent reasonably practicable.\r\n        If You Share Adapted Material You produce, the Adapter's License You apply must not prevent recipients of the Adapted Material from complying with this Public License.\r\n\r\nSection 4 \u2013 Sui Generis Database Rights.\r\n\r\nWhere the Licensed Rights include Sui Generis Database Rights that apply to Your use of the Licensed Material:\r\n\r\n    for the avoidance of doubt, Section 2(a)(1) grants You the right to extract, reuse, reproduce, and Share all or a substantial portion of the contents of the database for NonCommercial purposes only;\r\n    if You include all or a substantial portion of the database contents in a database in which You have Sui Generis Database Rights, then the database in which You have Sui Generis Database Rights (but not its individual contents) is Adapted Material; and\r\n    You must comply with the conditions in Section 3(a) if You Share all or a substantial portion of the contents of the database.\r\n\r\nFor the avoidance of doubt, this Section 4 supplements and does not replace Your obligations under this Public License where the Licensed Rights include other Copyright and Similar Rights.\r\n\r\nSection 5 \u2013 Disclaimer of Warranties and Limitation of Liability.\r\n\r\n    Unless otherwise separately undertaken by the Licensor, to the extent possible, the Licensor offers the Licensed Material as-is and as-available, and makes no representations or warranties of any kind concerning the Licensed Material, whether express, implied, statutory, or other. This includes, without limitation, warranties of title, merchantability, fitness for a particular purpose, non-infringement, absence of latent or other defects, accuracy, or the presence or absence of errors, whether or not known or discoverable. Where disclaimers of warranties are not allowed in full or in part, this disclaimer may not apply to You.\r\n    To the extent possible, in no event will the Licensor be liable to You on any legal theory (including, without limitation, negligence) or otherwise for any direct, special, indirect, incidental, consequential, punitive, exemplary, or other losses, costs, expenses, or damages arising out of this Public License or use of the Licensed Material, even if the Licensor has been advised of the possibility of such losses, costs, expenses, or damages. Where a limitation of liability is not allowed in full or in part, this limitation may not apply to You.\r\n\r\n    The disclaimer of warranties and limitation of liability provided above shall be interpreted in a manner that, to the extent possible, most closely approximates an absolute disclaimer and waiver of all liability.\r\n\r\nSection 6 \u2013 Term and Termination.\r\n\r\n    This Public License applies for the term of the Copyright and Similar Rights licensed here. However, if You fail to comply with this Public License, then Your rights under this Public License terminate automatically.\r\n\r\n    Where Your right to use the Licensed Material has terminated under Section 6(a), it reinstates:\r\n        automatically as of the date the violation is cured, provided it is cured within 30 days of Your discovery of the violation; or\r\n        upon express reinstatement by the Licensor.\r\n    For the avoidance of doubt, this Section 6(b) does not affect any right the Licensor may have to seek remedies for Your violations of this Public License.\r\n    For the avoidance of doubt, the Licensor may also offer the Licensed Material under separate terms or conditions or stop distributing the Licensed Material at any time; however, doing so will not terminate this Public License.\r\n    Sections 1, 5, 6, 7, and 8 survive termination of this Public License.\r\n\r\nSection 7 \u2013 Other Terms and Conditions.\r\n\r\n    The Licensor shall not be bound by any additional or different terms or conditions communicated by You unless expressly agreed.\r\n    Any arrangements, understandings, or agreements regarding the Licensed Material not stated herein are separate from and independent of the terms and conditions of this Public License.\r\n\r\nSection 8 \u2013 Interpretation.\r\n\r\n    For the avoidance of doubt, this Public License does not, and shall not be interpreted to, reduce, limit, restrict, or impose conditions on any use of the Licensed Material that could lawfully be made without permission under this Public License.\r\n    To the extent possible, if any provision of this Public License is deemed unenforceable, it shall be automatically reformed to the minimum extent necessary to make it enforceable. If the provision cannot be reformed, it shall be severed from this Public License without affecting the enforceability of the remaining terms and conditions.\r\n    No term or condition of this Public License will be waived and no failure to comply consented to unless expressly agreed to by the Licensor.\r\n    Nothing in this Public License constitutes or may be interpreted as a limitation upon, or waiver of, any privileges and immunities that apply to the Licensor or You, including from the legal processes of any jurisdiction or authority.",
    "display_abbreviation": "CC BY-NC 4.0",
    "url": "https://creativecommons.org/licenses/by-nc/4.0/"
  }
},
{
  "model": "abstracts.appellation",
  "pk": 1,
  "fields": {
    "first_name": "Rosalind",
    "last_name": "Franklin"
  }
},
{
  "model": "abstracts.appellation",
  "pk": 2,
  "fields": {
    "first_name": "John",
    "last_name": "Watson"
  }
},
{
  "model": "abstracts.appellation",
  "pk": 3,
  "fields": {
    "first_name": "Robert",
    "last_name": "Roberts"
  }
},
{
  "model": "abstracts.appellation",
  "pk": 4,
  "fields": {
    "first_name": "Rosalind",
    "last_name": "Krauss"
  }
},
{
  "model": "abstracts.country",
  "pk": 1,
  "fields": {
    "tgn_id": "http://vocab.getty.edu/tgn/7012149",
    "pref_name": "United States of America"
  }
},
{
  "model": "abstracts.country",
  "pk": 2,
  "fields": {
    "tgn_id": "http://vocab.getty.edu/tgn/7008591",
    "pref_name": "United Kingdom"
  }
},
{
  "model": "abstracts.countrylabel",
  "pk": 1,
  "fields": {
    "name": "USA",
    "country": 1
  }
},
{
  "model": "abstracts.countrylabel",
  "pk": 2,
  "fields": {
    "name": "US",
    "country": 1
  }
},
{
  "model": "abstracts.countrylabel",
  "pk": 3,
  "fields": {
    "name": "United States of America",
    "country": 1
  }
},
{
  "model": "abstracts.institution",
  "pk": 1,
  "fields": {
    "name": "Wood's Hole Institute",
    "city": "Smithtown, NY",
    "country": 1
  }
},
{
  "model": "abstracts.institution",
  "pk": 2,
  "fields": {
    "name": "Stanford University",
    "city": "Palo Alto, CA",
    "country": 1
  }
},
{
  "model": "abstracts.institution",
  "pk": 3,
  "fields": {
    "name": "University of Maryland",
    "city": "College Park",
    "country": 1
  }
},
{
  "model": "abstracts.institution",
  "pk": 4,
  "fields": {
    "name": "Abandoned Institution",
    "city": "Essex",
    "country": 2
  }
},
{
  "model": "abstracts.affiliation",
  "pk": 1,
  "fields": {
    "department": "X-Ray Crystallography",
    "institution": 1
  }
},
{
  "model": "abstracts.affiliation",
  "pk": 2,
  "fields": {
    "department": "University Libraries",
    "institution": 2
  }
},
{
  "model": "abstracts.affiliation",
  "pk": 3,
  "fields": {
    "department": "",
    "institution": 3
  }
},
{
  "model": "abstracts.affiliation",
  "pk": 4,
  "fields": {
    "department": "MITH",
    "institution": 3
  }
},
{
  "model": "abstracts.author",
  "pk": 1,
  "fields": {
    "appellations_index": "Rosalind Franklin Rosalind Krauss"
  }
},
{
  "model": "abstracts.author",
  "pk": 2,
  "fields": {
    "appellations_index": "John Watson"
  }
},
{
  "model": "abstracts.author",
  "pk": 3,
  "fields": {
    "appellations_index": ""
  }
},
{
  "model": "abstracts.author",
  "pk": 4,
  "fields": {
    "appellations_index": ""
  }
},
{
  "model": "auth.user",
  "pk": 1,
  "fields": {
    "password": "pbkdf2_sha256$180000$tPj49fsbZxwZ$0acMULPg7LIKk4wcMuTgXfTRloYaMStvda8CXpk080I=",
    "last_login": "2020-04-01T13:48:06.839Z",
    "is_superuser": true,
    "username": "root",
    "first_name": "",
    "last_name": "",
    "email": "root@dh-abstracts.com",
    "is_staff": true,
    "is_active": true,
    "date_joined": "2019-04-28T02:03:30.475Z",
    "groups": [],
    "user_permissions": []
  }
},
{
  "model": "sites.site",
  "pk": 1,
  "fields": {
    "domain": "example.com",
    "name": "example.com"
  }
},
{
  "model": "abstracts.authorship",
  "pk": 1,
  "fields": {
    "author": 1,
    "work": 1,
    "authorship_order": 1,
    "appellation": 1,
    "last_updated": "2020-04-01T13:47:59.239Z",
    "user_last_updated": null,
    "affiliations": [
      1
    ]
  }
},
{
  "model": "abstracts.authorship",
  "pk": 2,
  "fields": {
    "author": 2,
    "work": 1,
    "authorship_order": 2,
    "appellation": 2,
    "last_updated": "2020-04-01T13:47:59.239Z",
    "user_last_updated": null,
    "affiliations": [
      2
    ]
  }
},
{
  "model": "abstracts.authorship",
  "pk": 5,
  "fields": {
    "author": 1,
    "work": 3,
    "authorship_order": 1,
    "appellation": 4,
    "last_updated": "2020-04-01T13:47:59.239Z",
    "user_last_updated": null,
    "affiliations": [
      2
    ]
  }
},
{
  "model": "abstracts.authorship",
  "pk": 7,
  "fields": {
    "author": 2,
    "work": 5,
    "authorship_order": 1,
    "appellation": 2,
    "last_updated": "2020-04-01T13:47:59.239Z",
    "user_last_updated": null,
    "affiliations": [
      3
    ]
  }
},
{
  "model": "abstracts.work",
  "pk": 1,
  "fields": {
    "search_text": null,
    "conference": 1,
    "title": "A Foo Too Far",
    "work_type": 1,
    "full_text": "Lorem Ipsum Dolor Sit Amet Consec\r\n\r\nLorem ipsum dolor sit amet, consectetur adipisicing elit, sed do eiusmod tempor incididunt ut labore et dolore magna aliqua. Ut enim ad minim veniam, quis nostrud exercitation ullamco laboris nisi ut aliquip ex ea commodo consequat. \r\n\r\nDuis aute irure dolor in reprehenderit in voluptate velit esse cillum dolore eu fugiat nulla pariatur. Excepteur sint occaecat cupidatat non proident, sunt in culpa qui officia deserunt mollit anim id est laborum. Donec elementum ligula eu sapien consequat eleifend. \r\n\r\nDonec nec dolor erat, condimentum sagittis sem. Praesent porttitor porttitor risus, dapibus rutrum ipsum gravida et. Integer lectus nisi, facilisis sit amet eleifend nec, pharetra ut augue. Integer quam nunc, consequat nec egestas ac, volutpat ac nisi. \r\n\r\nSed consectetur dignissim dignissim. Donec pretium est sit amet ipsum fringilla feugiat. Aliquam erat volutpat. Maecenas scelerisque, orci sit amet cursus tincidunt, libero nisl eleifend tortor, vitae cursus risus mauris vitae nisi. Cras laoreet ultrices ligula eget tempus. \r\n\r\nAenean metus purus, iaculis ut imperdiet eget, sodales et massa. Duis pellentesque nisl vel massa dapibus non lacinia velit volutpat. Maecenas accumsan interdum sodales. In hac habitasse platea dictumst. Pellentesque ornare blandit orci, eget tristique risus convallis ut. Vivamus a sapien neque. \r\n\r\nLorem Ipsum Dolor Si\r\n\r\nNam quis sem orci. Phasellus ligula tellus, lobortis nec accumsan eget, mattis at erat. \r\n\r\nPellentesque at odio quam, et egestas nunc. Sed quis leo et orci consectetur porttitor nec fringilla lorem. Duis sit amet adipiscing enim. \r\n\r\nSuspendisse luctus justo sed risus dictum eu dignissim libero iaculis. Donec velit magna, auctor ullamcorper blandit eget, lobortis ac lectus. Praesent rhoncus eros quis lectus tempor a commodo leo aliquam. Donec convallis libero in nibh feugiat eleifend aliquet eros vehicula. \r\n\r\nQuisque est dui, auctor ac adipiscing at, facilisis ac magna. Mauris semper iaculis erat, sed facilisis felis ultrices eu. Phasellus ut orci non lectus ornare facilisis. Suspendisse gravida malesuada mollis. Praesent rutrum orci non nulla aliquet aliquam. \r\n\r\nLorem Ipsum Dolor Sit Amet Consectetur Adip\r\n\r\nCras scelerisque arcu non lacus interdum congue. Suspendisse potenti. Nunc luctus ullamcorper magna in laoreet. Proin diam mauris, egestas fringilla pulvinar vitae, pulvinar sit amet neque. Aliquam sit amet risus metus. Ut urna nulla, accumsan sit amet dapibus vel, bibendum id justo. Sed nec massa leo, at pulvinar ligula. \r\n\r\n\u2022 Lorem ipsum dolor\r\n\u2022 Sit amet, consectetur\r\n\u2022 Adipisicing elit, sed\r\n\u2022 Do eiusmod tempor\r\n\u2022 Incididunt ut labore\r\n\u2022 Et dolore magna\r\n\u2022 Aliqua. Ut enim\r\n\u2022 Ad minim veniam,\r\n\u2022 Quis nostrud exercitation\r\n\u2022 Ullamco laboris nisi\r\nLorem Ipsum Dolor Sit Amet Consectetur A\r\n\r\nMaecenas a enim sem. Vivamus facilisis dolor euismod turpis gravida malesuada. Nunc non sem orci. Aliquam erat volutpat. \r\n\r\nLorem Ipsum Dolor Sit Amet Consectetur Adipi",
    "full_text_type": "txt",
    "full_text_license": 1,
    "url": "",
    "last_updated": "2020-04-01T13:47:59.254Z",
    "user_last_updated": null,
    "keywords": [
      2,
      1
    ],
    "languages": [
      1
    ],
    "disciplines": [
      1
    ],
    "topics": [
      1
    ]
  }
},
{
  "model": "abstracts.work",
  "pk": 3,
  "fields": {
    "search_text": null,
    "conference": 2,
    "title": "Arma Virumque Cano",
    "work_type": 2,
    "full_text": "Lorem Ipsum Dolor Sit Amet Consectetur Ad\r\n\r\nLorem ipsum dolor sit amet, consectetur adipisicing elit, sed do eiusmod tempor incididunt ut labore et dolore magna aliqua. Ut enim ad minim veniam, quis nostrud exercitation ullamco laboris nisi ut aliquip ex ea commodo consequat. \r\n\r\nDuis aute irure dolor in reprehenderit in voluptate velit esse cillum dolore eu fugiat nulla pariatur. Excepteur sint occaecat cupidatat non proident, sunt in culpa qui officia deserunt mollit anim id est laborum. Donec elementum ligula eu sapien consequat eleifend. \r\n\r\nDonec nec dolor erat, condimentum sagittis sem. Praesent porttitor porttitor risus, dapibus rutrum ipsum gravida et. Integer lectus nisi, facilisis sit amet eleifend nec, pharetra ut augue. Integer quam nunc, consequat nec egestas ac, volutpat ac nisi. \r\n\r\nSed consectetur dignissim dignissim. Donec pretium est sit amet ipsum fringilla feugiat. Aliquam erat volutpat. Maecenas scelerisque, orci sit amet cursus tincidunt, libero nisl eleifend tortor, vitae cursus risus mauris vitae nisi. Cras laoreet ultrices ligula eget tempus. \r\n\r\nAenean metus purus, iaculis ut imperdiet eget, sodales et massa. Duis pellentesque nisl vel massa dapibus non lacinia velit volutpat. Maecenas accumsan interdum sodales. In hac habitasse platea dictumst. Pellentesque ornare blandit orci, eget tristique risus convallis ut. Vivamus a sapien neque. \r\n\r\nLorem Ipsum Dolor Sit Amet Consectetur\r\n\r\nNam quis sem orci. Phasellus ligula tellus, lobortis nec accumsan eget, mattis at erat. \r\n\r\nPellentesque at odio quam, et egestas nunc. Sed quis leo et orci consectetur porttitor nec fringilla lorem. Duis sit amet adipiscing enim. \r\n\r\nSuspendisse luctus justo sed risus dictum eu dignissim libero iaculis. Donec velit magna, auctor ullamcorper blandit eget, lobortis ac lectus. Praesent rhoncus eros quis lectus tempor a commodo leo aliquam. Donec convallis libero in nibh feugiat eleifend aliquet eros vehicula. \r\n\r\nQuisque est dui, auctor ac adipiscing at, facilisis ac magna. Mauris semper iaculis erat, sed facilisis felis ultrices eu. Phasellus ut orci non lectus ornare facilisis. Suspendisse gravida malesuada mollis. Praesent rutrum orci non nulla aliquet aliquam. \r\n\r\nLorem Ipsum Dolor Sit Amet Consectetur A",
    "full_text_type": "txt",
    "full_text_license": null,
    "url": "http://example.com",
    "last_updated": "2020-04-01T13:47:59.254Z",
    "user_last_updated": null,
    "keywords": [
      3
    ],
    "languages": [],
    "disciplines": [
      2
    ],
    "topics": [
      2,
      3,
      4
    ]
  }
},
{
  "model": "abstracts.work",
  "pk": 5,
  "fields": {
    "search_text": null,
    "conference": 4,
    "title": "Computer Art",
    "work_type": 1,
    "full_text": "",
    "full_text_type": "txt",
    "full_text_license": null,
    "url": "",
    "last_updated": "2020-04-01T13:47:59.254Z",
    "user_last_updated": null,
    "keywords": [
      3
    ],
    "languages": [],
    "disciplines": [
      1
    ],
    "topics": []
  }
}
]
